{
  "numberRange": [
    {
      "expected": {
        "integer": [
          [
            429213476091897, 1301914878543128, 2786706481541730,
            976053428009042, 1582399419995796
          ],
          [
            3099175663437328, 921365178165718, 273022197705261,
            2353355207890545, 3847802525837347
          ]
        ],
        "interval": [
          [
            0.09530453672732464, 0.289083174852129, 0.6187731397359575,
            0.21672739780799022, 0.3513632540465652
          ],
          [
            0.6881552357812133, 0.20458416697748794, 0.06062310602522847,
            0.522549827384321, 0.8543837916790913
          ]
        ]
      }
    },
    {
      "expected": {
        "integer": [
          [0, 0, 0, 0, 0],
          [0, 0, 0, 0, 0]
        ],
        "interval": [
          [
            -0.7189213802180832, -0.350741967780955, 0.2756689654983192,
            -0.4882179441648186, -0.2324098173115261
          ],
          [
            0.4074949479843052, -0.511290082742773, -0.7848160985520659,
            0.09284467203020985, 0.7233292041902734
          ]
        ]
      },
      "max": 1,
      "min": -0.9
    },
    {
      "expected": {
        "integer": [
          [0, 0, 0, 0, 0],
          [0, 0, 0, 0, 0]
        ],
        "interval": [
          [
            0.09530453672732464, 0.289083174852129, 0.6187731397359575,
            0.21672739780799022, 0.3513632540465652
          ],
          [
            0.6881552357812133, 0.20458416697748794, 0.06062310602522847,
            0.522549827384321, 0.8543837916790913
          ]
        ]
      },
      "max": 1,
      "min": 0
    },
    {
      "expected": {
        "integer": [
          [1, 0, 0, 0, 0],
          [1, 1, 0, 0, 1]
        ],
        "interval": [
          [
            0.19060907345464928, 0.578166349704258, 1.237546279471915,
            0.43345479561598044, 0.7027265080931304
          ],
          [
            1.3763104715624266, 0.40916833395497587, 0.12124621205045694,
            1.045099654768642, 1.7087675833581826
          ]
        ]
      },
      "max": 2,
      "min": 0
    }
  ]
}
